{
	"class_name" : "PinholeCameraTrajectory",
	"extrinsic" : 
	[
		[
			0.14024017348186668,
			0.10211064378466281,
			-0.98483811368552232,
			0.0,
			-0.33249793775582343,
			-0.93204803283329396,
			-0.14398467237769366,
			0.0,
			-0.93261879411145288,
			0.34764907725674887,
			-0.096758999336653828,
			0.0,
			-1.5587326994511117,
			0.99944872896826475,
			3.334388299254111,
			1.0
		]
	],
	"intrinsic" : 
	{
		"height" : 713,
		"intrinsic_matrix" : 
		[
			764.51671716165765,
			0.0,
			0.0,
			0.0,
			764.51671716165765,
			0.0,
			655.0,
			356.0,
			1.0
		],
		"width" : 1311
	},
	"version_major" : 1,
	"version_minor" : 0
}