{
	"class_name" : "PinholeCameraTrajectory",
	"extrinsic" : 
	[
		[
			0.8440436550895104,
			-0.11569969260257333,
			-0.52364481228673498,
			0.0,
			-0.2249470079328178,
			-0.96277809053531094,
			-0.14985723875493545,
			0.0,
			-0.48681531603392753,
			0.24427838528378021,
			-0.83865303824521875,
			0.0,
			-0.66983155669439165,
			0.78666001476419334,
			1.3589574512986986,
			1.0
		]
	],
	"intrinsic" : 
	{
		"height" : 713,
		"intrinsic_matrix" : 
		[
			617.47611289830479,
			0.0,
			0.0,
			0.0,
			617.47611289830479,
			0.0,
			655.0,
			356.0,
			1.0
		],
		"width" : 1311
	},
	"version_major" : 1,
	"version_minor" : 0
}